Day,A,B,C
"""Palm Sunday A,B,C""",Psalm 31:9-16,Psalm 31:9-16,Psalm 31:9-16
Advent 1,Psalm 122;Isaiah 2:1-5;Matthew 24:36-44;Romans 13:11-14,"Psalm 80:1-7,16-18;Isaiah 64:1-9;Mark 13:24-37;1 Corinthians 1:3-9",Psalm 25:1-9;Jeremiah 33:14-16;Luke 21:25-36;1 Thessalonians 3:9-13
Advent 2,"Psalm 72:1-7,18-19;Isaiah 11:1-10;Matthew 3:1-12;Romans 15:4-13","Psalm 85:1-2,8-13;Isaiah 40:1-11;Mark 1:1-8;2 Peter 3:8-15a",Malachi 3:1-4;Baruch 5:1-9;Luke 3:1-6;Philippians 1:3-11;Canticle 4;Canticle 16
Advent 3,Psalm 146:4-9;Isaiah 35:1-10;Matthew 11:2-11;James 5:7-10;Canticle 3;Canticle 15,"Psalm 126;Isaiah 61:1-4,8-11;John 1:6-8,19-28;1 Thessalonians 5:16-24;Canticle 3;Canticle 15",Zephaniah 3:14-20;Luke 3:7-18;Philippians 4:4-7;Canticle 9
Advent 4,"Psalm 80:1-7,16-18;Isaiah 7:10-16;Matthew 1:18-25;Romans 1:1-7","2 Samuel 7:1-11,16;Psalm 89:1-4,19-26;Luke 1:26-38;Romans 16:25-27;Canticle 3;Canticle 15","Psalm 80:1-7;Micah 5:2-5a;Luke 1:39-45,(46-55);Hebrews 10:5-10;Canticle 3;Canticle 15"
"""Christmas 2A,B,C""",Luke 2:41-52,Luke 2:41-52,Luke 2:41-52
"""Christmas Day I A,B,C""","Luke 2:1-14,(15-20)","Luke 2:1-14,(15-20)","Luke 2:1-14,(15-20)"
"""Christmas Day II A,B,C""","Luke 2:(1-7),8-20","Luke 2:(1-7),8-20","Luke 2:(1-7),8-20"
Christmas 1,Psalm 147;Isaiah 61:10—62:3;John 1:1-18;Galatians 3:23-25; 4:4-7,Psalm 147;Isaiah 61:10—62:3;John 1:1-18;Galatians 3:23-25; 4:4-7,Psalm 147;Isaiah 61:10—62:3;John 1:1-18;Galatians 3:23-25; 4:4-7
Christmas 2,"Jeremiah 31:7-14;Matthew 2:1-12;Matthew 2:13-15,19-23;Ephesians 1:3-6; 15-19a","Jeremiah 31:7-14;Matthew 2:1-12;Matthew 2:13-15,19-23;Ephesians 1:3-6; 15-19a","Jeremiah 31:7-14;Matthew 2:1-12;Matthew 2:13-15,19-23;Ephesians 1:3-6; 15-19a"
Christmas Day I,Psalm 96;Isaiah 9:2-7;Titus 2:11-14,Psalm 96;Isaiah 9:2-7;Titus 2:11-14,Psalm 96;Isaiah 9:2-7;Titus 2:11-14
Christmas Day II,Psalm 97;Isaiah 62:6-12;Titus 3:4-7,Psalm 97;Isaiah 62:6-12;Titus 3:4-7,Psalm 97;Isaiah 62:6-12;Titus 3:4-7
Christmas Day III,"Psalm 98;Isaiah 52:7-10;John 1:1-14;Hebrews 1:1-4,(5-12)","Psalm 98;Isaiah 52:7-10;John 1:1-14;Hebrews 1:1-4,(5-12)","Psalm 98;Isaiah 52:7-10;John 1:1-14;Hebrews 1:1-4,(5-12)"
The Epiphany,"Psalm 72:1-7,10-14;Isaiah 60:1-6;Matthew 2:1-12;Ephesians 3:1-12","Psalm 72:1-7,10-14;Isaiah 60:1-6;Matthew 2:1-12;Ephesians 3:1-12","Psalm 72:1-7,10-14;Isaiah 60:1-6;Matthew 2:1-12;Ephesians 3:1-12"
Epiphany 1,Psalm 29;Isaiah 42:1-9;Matthew 3:13-17;Acts 10:34-43,Genesis 1:1-5;Psalm 29;Mark 1:4-11;Acts 19:1-7,"Psalm 29;Isaiah 43:1-7;Luke 3:15-17,21-22;Acts 8:14-17"
Epiphany 2,Psalm 40:1-12;Isaiah 49:1-7;John 1:29-42;1 Corinthians 1:1-9,"1 Samuel 3:1-10,(11-20);Psalm 139:1-5,12-17;John 1:43-51;1 Corinthians 6:12-20",Psalm 36:5-10;Isaiah 62:1-5;John 2:1-11;1 Corinthians 12:1-11
Epiphany 3,"Psalm 27:1,5-13;Isaiah 9:1-4;Matthew 4:12-23;1 Corinthians 1:10-18","Psalm 62:6-14;Jonah 3:1-5,10;Mark 1:14-20;1 Corinthians 7:29-31","Nehemiah 8:1-3,5-6,8-10;Psalm 19;Luke 4:14-21;1 Corinthians 12:12-31a"
Epiphany 4,Psalm 15;Micah 6:1-8;Matthew 5:1-12;1 Corinthians 1:18-31,Deuteronomy 18:15-20;Psalm 111;Mark 1:21-28;1 Corinthians 8:1-13,Psalm 71:1-6;Jeremiah 1:4-10;Luke 4:21-30;1 Corinthians 13:1-13
Epiphany 5,Psalm 112:1-9(10);Isaiah 58:1-9a(9b-12);Matthew 5:13-20;1 Corinthians 2:1-12(13-16),"Psalm 147:1-12,21c;Isaiah 40:21-31;Mark 1:29-39;1 Corinthians 9:16-23","Psalm 138;Isaiah 6:1-8,(9-13);Luke 5:1-11;1 Corinthians 15:1-11"
Last Epiphany,Exodus 24:12-18;Psalm 2;Psalm 99;Matthew 17:1-9;2 Peter 1:16-21,2 Kings 2:1-12;Psalm 50:1-6;Mark 9:2-9;2 Corinthians 4:3-6,"Exodus 34:29-35;Psalm 99;Luke 9:28-36,(37-43a);2 Corinthians 3:12—4:2"
Epiphany 6A / Proper 1,Deuteronomy 30:15-20;Psalm 119:1-8;Sirach (Ecclesiasticus) 15:15-20;Matthew 5:21-37;1 Corinthians 3:1-9,,
Epiphany 6B / Proper 1,,2 Kings 5:1-14;Psalm 30;Mark 1:40-45;1 Corinthians 9:24-27,
Epiphany 6C / Proper 1,,,Psalm 1;Jeremiah 17:5-10;Luke 6:17-26;1 Corinthians 15:12-20
Epiphany 7A / Proper 2,"Leviticus 19:1-2,9-18;Psalm 119:33-40;Matthew 5:38-48;1 Corinthians 3:10-11,16-23",,
Epiphany 7B / Proper 2,,Psalm 41;Isaiah 43:18-25;Mark 2:1-12;2 Corinthians 1:18-22,
Epiphany 7C / Proper 2,,,"Genesis 45:3-11,15;Psalm 37:1-12,41-42;Luke 6:27-38;1 Corinthians 15:35-38,42-50"
Epiphany 8A / Proper 3,Psalm 131;Isaiah 49:8-16a;Matthew 6:24-34;1 Corinthians 4:1-5,,
Epiphany 8B / Proper 3,,"Psalm 103:1-13,22;Hosea 2:14-20;Mark 2:13-22;2 Corinthians 3:1-6",
Epiphany 8C / Proper 3,,,"Psalm 92:1-4,11-14;Isaiah 55:10-13;Sirach (Ecclesiasticus) 27:4-7;Luke 6:39-49;1 Corinthians 15:51-58"
Ash Wednesday,"Psalm 103;Isaiah 58:1-12;Joel 2:1-2,12-17;Matthew 6:1-6,16-21;2 Corinthians 5:20b—6:10","Psalm 103;Isaiah 58:1-12;Joel 2:1-2,12-17;Matthew 6:1-6,16-21;2 Corinthians 5:20b—6:10","Psalm 103;Isaiah 58:1-12;Joel 2:1-2,12-17;Matthew 6:1-6,16-21;2 Corinthians 5:20b—6:10"
Lent 1,Genesis 2:15-17; 3:1-7;Psalm 32;Matthew 4:1-11;Romans 5:12-19,Genesis 9:8-17;Psalm 25:1-9;Mark 1:9-15;1 Peter 3:18-22,"Deuteronomy 26:1-11;Psalm 91:1-2,9-16;Luke 4:1-13;Romans 10:8b-13"
Lent 2,"Genesis 12:1-4a;Psalm 121;John 3:1-17;Romans 4:1-5,13-17","Genesis 17:1-7,15-16;Psalm 22:22-30;Mark 8:31-38;Romans 4:13-25","Genesis 15:1-12,17-18;Psalm 27;Luke 13:31-35;Philippians 3:17—4:1"
Lent 3,Exodus 17:1-7;Psalm 95;John 4:5-42;Romans 5:1-11,Exodus 20:1-17;Psalm 19;John 2:13-22;1 Corinthians 1:18-25,Exodus 3:1-15;Psalm 63:1-8;Luke 13:1-9;1 Corinthians 10:1-13
Lent 4,1 Samuel 16:1-13;Psalm 23;John 9:1-41;Ephesians 5:8-14,"Numbers 21:4-9;Psalm 107:1-3,17-22;John 3:14-21;Ephesians 2:1-10","Joshua 5:9-12;Psalm 32;Luke 15:1-3,11b-32;2 Corinthians 5:16-21"
Lent 5,Psalm 130;Ezekiel 37:1-14;John 11:1-45;Romans 8:6-11,Psalm 51:1-13;Psalm 119:9-16;Jeremiah 31:31-34;John 12:20-33;Hebrews 5:5-10,Psalm 126;Isaiah 43:16-21;John 12:1-8;Philippians 3:4b-14
Palm Sunday,"Psalm 118:1-2,19-29;Matthew 21:1-11;Matthew 26:14—27:66;Matthew 27:11-54;Philippians 2:5-11","Psalm 118:1-2,19-29;Mark 11:1-11;Mark 14:1—15:47;Mark 15:1-39,(40-47);John 12:12-16;Philippians 2:5-11","Psalm 118:1-2,19-29;Luke 19:28-40;Luke 22:14—23:56;Luke 23:1-49;Philippians 2:5-11"
"Palm Sunday A,B.C",Isaiah 50:4-9a,Isaiah 50:4-9a,Isaiah 50:4-9a
Monday in Holy Week,Psalm 36:5-11;Isaiah 42:1-9;John 12:1-11;Hebrews 9:11-15,Psalm 36:5-11;Isaiah 42:1-9;John 12:1-11;Hebrews 9:11-15,Psalm 36:5-11;Isaiah 42:1-9;John 12:1-11;Hebrews 9:11-15
Tuesday in Holy Week,Psalm 71:1-14;Isaiah 49:1-7;John 12:20-36;1 Corinthians 1:18-31,Psalm 71:1-14;Isaiah 49:1-7;John 12:20-36;1 Corinthians 1:18-31,Psalm 71:1-14;Isaiah 49:1-7;John 12:20-36;1 Corinthians 1:18-31
Wednesday in Holy Week,Psalm 70;Isaiah 50:4-9a;John 13:21-32;Hebrews 12:1-3,Psalm 70;Isaiah 50:4-9a;John 13:21-32;Hebrews 12:1-3,Psalm 70;Isaiah 50:4-9a;John 13:21-32;Hebrews 12:1-3
Maundy Thursday,"Exodus 12:1-4,(5-10),11-14;Psalm 116:1,10-17;John 13:1-17,31b-35;1 Corinthians 11:23-26","Exodus 12:1-4,(5-10),11-14;Psalm 116:1,10-17;John 13:1-17,31b-35;1 Corinthians 11:23-26","Exodus 12:1-4,(5-10),11-14;Psalm 116:1,10-17;John 13:1-17,31b-35;1 Corinthians 11:23-26"
Good Friday,Psalm 22;Isaiah 52:13—53:12;John 18:1–19:42;Hebrews 4:14-16; 5:7-9;Hebrews 10:16-25,Psalm 22;Isaiah 52:13—53:12;John 18:1–19:42;Hebrews 4:14-16; 5:7-9;Hebrews 10:16-25,Psalm 22;Isaiah 52:13—53:12;John 18:1–19:42;Hebrews 4:14-16; 5:7-9;Hebrews 10:16-25
Easter Evening,Psalm 114;Isaiah 25:6-9;Luke 24:13-49;1 Corinthians 5:6b-8,Psalm 114;Isaiah 25:6-9;Luke 24:13-49;1 Corinthians 5:6b-8,Psalm 114;Isaiah 25:6-9;Luke 24:13-49;1 Corinthians 5:6b-8
Easter Vigil,"Genesis 1:1—2:4a;Genesis 7:1-5,11-18;8:6-18; 9:8-13;Genesis 22:1-18;Exodus 14:10-31; 15:20-21;Psalm 16;Psalm 19;Psalm 42;Psalm 43;Psalm 46;Psalm 98;Psalm 114;Psalm 136:1-9,23-26;Psalm 143;Proverbs 8:1-8,19-21;9:4b-6;Isaiah 55:1-11;Ezekiel 36:24-28;Ezekiel 37:1-14;Zephaniah 3:14-20;Baruch 3:9-15,32—4:4;Matthew 28:1-10;Romans 6:3-11;Canticle 8;Canticle 9","Genesis 1:1—2:4a;Genesis 7:1-5,11-18;8:6-18; 9:8-13;Genesis 22:1-18;Exodus 14:10-31; 15:20-21;Psalm 16;Psalm 19;Psalm 42;Psalm 43;Psalm 46;Psalm 98;Psalm 114;Psalm 136:1-9,23-26;Psalm 143;Proverbs 8:1-8,19-21;9:4b-6;Isaiah 55:1-11;Ezekiel 36:24-28;Ezekiel 37:1-14;Zephaniah 3:14-20;Baruch 3:9-15,32—4:4;Mark 16:1-8;Romans 6:3-11;Canticle 8;Canticle 9","Genesis 1:1—2:4a;Genesis 7:1-5,11-18;8:6-18; 9:8-13;Genesis 22:1-18;Exodus 14:10-31; 15:20-21;Psalm 16;Psalm 19;Psalm 42;Psalm 43;Psalm 46;Psalm 98;Psalm 114;Psalm 136:1-9,23-26;Psalm 143;Proverbs 8:1-8,19-21;9:4b-6;Isaiah 55:1-11;Ezekiel 36:24-28;Ezekiel 37:1-14;Zephaniah 3:14-20;Baruch 3:9-15,32—4:4;Luke 24:1-12;Romans 6:3-11;Canticle 8;Canticle 9"
Easter Day,"Psalm 118:1-2,14-24;Jeremiah 31:1-6;Matthew 28:1-10;John 20:1-18;Acts 10:34-43;Colossians 3:1-4","Psalm 118:1-2,14-24;Isaiah 25:6-9;Mark 16:1-8;John 20:1-18;Acts 10:34-43;1 Corinthians 15:1-11","Psalm 118:1-2,14-24;Isaiah 65:17-25;Luke 24:1-12;John 20:1-18;Acts 10:34-43;1 Corinthians 15:19-26"
Monday in Easter Week,"Psalm 16:8-11;Psalm 118:19-24;Matthew 28:9-15;Acts 2:14,22b-32","Psalm 16:8-11;Psalm 118:19-24;Matthew 28:9-15;Acts 2:14,22b-32","Psalm 16:8-11;Psalm 118:19-24;Matthew 28:9-15;Acts 2:14,22b-32"
Tuesday in Easter Week,Psalm 33:18-22;Psalm 118:19-24;John 20:11-18;Acts 2:36-41,Psalm 33:18-22;Psalm 118:19-24;John 20:11-18;Acts 2:36-41,Psalm 33:18-22;Psalm 118:19-24;John 20:11-18;Acts 2:36-41
Thursday in Easter Week,Psalm 8;Psalm 114;Psalm 118:19-24;Luke 24:36b-48;Acts 3:11-26,Psalm 8;Psalm 114;Psalm 118:19-24;Luke 24:36b-48;Acts 3:11-26,Psalm 8;Psalm 114;Psalm 118:19-24;Luke 24:36b-48;Acts 3:11-26
Friday in Easter Week,Psalm 116:1-8;Psalm 118:19-24;John 21:1-14;Acts 4:1-12,Psalm 116:1-8;Psalm 118:19-24;John 21:1-14;Acts 4:1-12,Psalm 116:1-8;Psalm 118:19-24;John 21:1-14;Acts 4:1-12
Saturday in Easter Week,"Psalm 118:14-18;Psalm 118:19-24;Mark 16:9-15,20;Acts 4:13-21","Psalm 118:14-18;Psalm 118:19-24;Mark 16:9-15,20;Acts 4:13-21","Psalm 118:14-18;Psalm 118:19-24;Mark 16:9-15,20;Acts 4:13-21"
Wednesday in Easter Week,Psalm 105:1-8;Psalm 118:19-24;Luke 24:13-35;Acts 3:1-10,Psalm 105:1-8;Psalm 118:19-24;Luke 24:13-35;Acts 3:1-10,Psalm 105:1-8;Psalm 118:19-24;Luke 24:13-35;Acts 3:1-10
Easter 2,"Psalm 16;John 20:19-31;Acts 2:14a,22-32;1 Peter 1:3-9",Psalm 133;John 20:19-31;Acts 4:32-35;1 John 1:1—2:2,Psalm 118:14-29;Psalm 150;John 20:19-31;Acts 5:27-32;Revelation 1:4-8
Easter 3,"Psalm 116:1-3,10-17;Luke 24:13-35;Acts 2:14a,36-41;1 Peter 1:17-23",Psalm 4;Luke 24:36b-48;Acts 3:12-19;1 John 3:1-7,"Psalm 30;John 21:1-19;Acts 9:1-6,(7-20);Revelation 5:11-14"
Easter 4,Psalm 23;John 10:1-10;Acts 2:42-47;1 Peter 2:19-25,Psalm 23;John 10:11-18;Acts 4:5-12;1 John 3:16-24,Psalm 23;John 10:22-30;Acts 9:36-43;Revelation 7:9-17
Easter 5,"Psalm 31:1-5,15-16;John 14:1-14;Acts 7:55-60;1 Peter 2:2-10",Psalm 22:24-30;John 15:1-8;Acts 8:26-40;1 John 4:7-21,Psalm 148;John 13:31-35;Acts 11:1-18;Revelation 21:1-6
Easter 6,Psalm 66:7-18;John 14:15-21;Acts 17:22-31;1 Peter 3:13-22,Psalm 98;John 15:9-17;Acts 10:44-48;1 John 5:1-6,"Psalm 67;John 5:1-9;John 14:23-29;Acts 16:9-15;Revelation 21:10,22—22:5"
Easter 7,"Psalm 68:1-10,33-36;John 17:1-11;Acts 1:6-14;1 Peter 4:12-14,5:6-11","Psalm 1;John 17:6-19;Acts 1:15-17,21-26;1 John 5:9-13","Psalm 97;John 17:20-26;Acts 16:16-34;Revelation 22:12-14,16-17,20-21"
All Saints,"Psalm 34:1-10,22;Matthew 5:1-12;1 John 3:1-3;Revelation 7:9-17",Psalm 24;Isaiah 25:6-9;Wisdom of Solomon 3:1-9;John 11:32-44;Revelation 21:1-6a,"Psalm 149;Daniel 7:1-3,15-18;Luke 6:20-31;Ephesians 1:11-23"
Ascension Day,Psalm 47;Psalm 93;Luke 24:44-53;Acts 1:1-11;Ephesians 1:15-23,Psalm 47;Psalm 93;Luke 24:44-53;Acts 1:1-11;Ephesians 1:15-23,Psalm 47;Psalm 93;Luke 24:44-53;Acts 1:1-11;Ephesians 1:15-23
Vigil of Pentecost,"Genesis 11:1-9;Exodus 19:1-9a,16-20a;20:18-20;Psalm 33:12-22;Psalm 104:25-32;Psalm 130;Ezekiel 37:1-14;Joel 2:28-32;John 7:37-39a;Acts 2:1-11;Romans 8:14-17,22-27;Canticle 2;Canticle 13","Genesis 11:1-9;Exodus 19:1-9a,16-20a;20:18-20;Psalm 33:12-22;Psalm 104:25-32;Psalm 130;Ezekiel 37:1-14;Joel 2:28-32;John 7:37-39a;Acts 2:1-11;Romans 8:14-17,22-27;Canticle 2;Canticle 13","Genesis 11:1-9;Exodus 19:1-9a,16-20a;20:18-20;Psalm 33:12-22;Psalm 104:25-32;Psalm 130;Ezekiel 37:1-14;Joel 2:28-32;John 7:37-39a;Acts 2:1-11;Romans 8:14-17,22-27;Canticle 2;Canticle 13"
Day of Pentecost,"Numbers 11:24-30;Psalm 104:25-35,37;John 7:37-39;John 20:19-23;Acts 2:1-21;1 Corinthians 12:3b-13","Psalm 104:25-35,37;Ezekiel 37:1-14;John 15:26-27; 16:4b-15;Acts 2:1-21;Romans 8:22-27","Genesis 11:1-9;Psalm 104:25-35,37;John 14:8-17,(25-27);Acts 2:1-21;Romans 8:14-17"
Trinity Sunday,Genesis 1:1—2:4a;Psalm 8;Matthew 28:16-20;2 Corinthians 13:11-13;Canticle 2;Canticle 13,Psalm 29;Isaiah 6:1-8;John 3:1-17;Romans 8:12-17;Canticle 2;Canticle 13,"Psalm 8;Proverbs 8:1-4, 22-31;John 16:12-15;Romans 5:1-5;Canticle 2;Canticle 13"
Proper 4,"Genesis 6:9-22;7:24; 8:14-19;Deuteronomy 11:18-21,26-28;Psalm 31:1-5,19-24;Psalm 46;Matthew 7:21-29;Romans 1:16-17; 3:22b-28,(29-31)","Deuteronomy 5:12-15;1 Samuel 3:1-10,(11-20);Psalm 81:1-10;Psalm 139:1-5,12-17;Mark 2:23—3:6;2 Corinthians 4:5-12","1 Kings 8:22-23,41-43;1 Kings 18:20-21 (22-29),30-39;Psalm 96;Psalm 96:1-9;Luke 7:1-10;Galatians 1:1-12"
Proper 5,"Genesis 12:1-9;Psalm 33:1-12;Psalm 50:7-15;Hosea 5:15—6:6;Matthew 9:9-13,18-26;Romans 4:13-25","Genesis 3:8-15;1 Samuel 8:4-11(12-15),16-20(11:14-15);Psalm 130;Psalm 138;Mark 3:20-35;2 Corinthians 4:13—5:1",1 Kings 17:8-16(17-24);1 Kings 17:17-24;Psalm 30;Psalm 146;Luke 7:11-17;Galatians 1:11-24
Proper 6,"Genesis 18:1-15, (21:1-7);Exodus 19:2-8a;Psalm 100;Psalm 116:1,10-17;Matthew 9:35—10:8,(9-23);Romans 5:1-8","1 Samuel 15:34—16:13;Psalm 20;Psalm 92:1-4,11-14;Ezekiel 17:22-24;Mark 4:26-34;2 Corinthians 5: 6-10, (11-13),14-17","2 Samuel 11:26—12:10,13-15;1 Kings 21:1-10, (11-14),15-21a;Psalm 5:1-8;Psalm 32;Luke 7:36—8:3;Galatians 2:15-21"
Proper 7,"Genesis 21:8-21;Psalm 69: 8-11,(12-17),18-20;Psalm 86:1-10,16-17;Jeremiah 20:7-13;Matthew 10:24-39;Romans 6:1b-11","1 Samuel 17:(1a,4-11, 19-23),32-49;1 Samuel 17:57—18:5,10-16;Job 38:1-11;Psalm 9:9-20;Psalm 107:1-3,23-32;Psalm 133;Mark 4:35-41;2 Corinthians 6:1-13","1 Kings 19:1-4,(5-7), 8-15a;Psalm 22:18-27;Psalm 42;Psalm 43;Isaiah 65:1-9;Luke 8:26-39;Galatians 3:23-29"
Proper 8,"Genesis 22:1-14;Psalm 13;Psalm 89:1-4,15-18;Jeremiah 28:5-9;Matthew 10:40-42;Romans 6:12-23","2 Samuel 1:1,17-27;Psalm 30;Psalm 130;Lamentations 3:21-33;Wisdom of Solomon 1:13-15; 2:23-24;Mark 5:21-43;2 Corinthians 8:7-15","1 Kings 19:15-16,19-21;2 Kings 2:1-2,6-14;Psalm 16;Psalm 77:1-2,11-20;Luke 9:51-62;Galatians 5:1,13-25"
Proper 9,"Genesis 24:34-38, 42-49,58-67;Psalm 45:11-18;Psalm 145:8-15;Song of Solomon 2:8-13;Zechariah 9:9-12;Matthew 11:16-19,25-30;Romans 7:15-25a","2 Samuel 5:1-5,9-10;Psalm 48;Psalm 123;Ezekiel 2:1-5;Mark 6:1-13;2 Corinthians 12:2-10","2 Kings 5:1-14;Psalm 30;Psalm 66:1-8;Isaiah 66:10-14;Luke 10:1-11,16-20;Galatians 6:(1-6),7-16"
Proper 10,"Genesis 25:19-34;Psalm 65:(1-8),9-14;Psalm 119:105-112;Isaiah 55:10-13;Matthew 13:1-9,18-23;Romans 8:1-11","2 Samuel 6:1-5,12b-19;Psalm 24;Psalm 85:8-13;Amos 7:7-15;Mark 6:14-29;Ephesians 1:3-14",Deuteronomy 30:9-14;Psalm 25:1-9;Psalm 82;Amos 7:7-17;Luke 10:25-37;Colossians 1:1-14
Proper 11,"Genesis 28:10-19a;Psalm 86:11-17;Psalm 139:1-11,22-23;Isaiah 44:6-8;Wisdom of Solomon 12:13,16-19;Matthew 13:24-30,36-43;Romans 8:12-25","2 Samuel 7:1-14a;Psalm 23;Psalm 89:20-37;Jeremiah 23:1-6;Mark 6:30-34,53-56;Ephesians 2:11-22",Genesis 18:1-10a;Psalm 15;Psalm 52;Amos 8:1-12;Luke 10:38-42;Colossians 1:15-28
Proper 12,"Genesis 29:15-28;1 Kings 3:5-12;Psalm 105:1-11,45b;Psalm 119:129-136;Psalm 128;Matthew 13:31-33,44-52;Romans 8:26-39",2 Samuel 11:1-15;2 Kings 4:42-44;Psalm 14;Psalm 145:10-19;John 6:1-21;Ephesians 3:14-21,"Genesis 18:20-32;Psalm 85;Psalm 138;Hosea 1:2-10;Luke 11:1-13;Colossians 2:6-15,(16-19)"
Proper 13,"Genesis 32:22-31;Psalm 17:1-7,16;Psalm 145:8-9,15-22;Isaiah 55:1-5;Matthew 14:13-21;Romans 9:1-5","Exodus 16:2-4,9-15;2 Samuel 11:26—12:13a;Psalm 51:1-13;Psalm 78:23-29;John 6:24-35;Ephesians 4:1-16","Psalm 49:1-11;Psalm 107:1-9,43;Ecclesiastes 1:2,12-14; 2:18-23;Hosea 11:1-11;Luke 12:13-21;Colossians 3:1-11"
Proper 14,"Genesis 37:1-4,12-28;1 Kings 19:9-18;Psalm 85:8-13;Psalm 105:1-6,16-22,45b;Matthew 14:22-33;Romans 10:5-15","2 Samuel 18:5-9, 15, 31-33;1 Kings 19:4-8;Psalm 34:1-8;Psalm 130;John 6:35,41-51;Ephesians 4:25—5:2","Genesis 15:1-6;Psalm 33:12-22;Psalm 50:1-8,23-24;Isaiah 1:1,10-20;Luke 12:32-40;Hebrews 11:1-3,8-16"
Proper 15,"Genesis 45:1-15;Psalm 67;Psalm 133;Isaiah 56:1, 6-8;Matthew 15:(10-20),21-28;Romans 11:1-2a,29-32",1 Kings 2:10-12; 3:3-14;Psalm 34:9-14;Psalm 111;Proverbs 9:1-6;John 6:51-58;Ephesians 5:15-20,"Psalm 80:1-2,8-18;Psalm 82;Isaiah 5:1-7;Jeremiah 23:23-29;Luke 12:49-56;Hebrews 11:29—12:2"
Proper 16,Exodus 1:8—2:10;Psalm 124;Psalm 138;Isaiah 51:1-6;Matthew 16:13-20;Romans 12:1-8,"Joshua 24:1-2a,14-18;1 Kings 8:(1,6,10-11),22-30, 41-43;Psalm 34:15-22;Psalm 84;John 6:56-69;Ephesians 6:10-20",Psalm 71:1-6;Psalm 103:1-8;Isaiah 58:9b-14;Jeremiah 1:4-10;Luke 13:10-17;Hebrews 12:18-29
Proper 17,"Exodus 3:1-15;Psalm 26:1-8;Psalm 105:1-6,23-26,45c;Jeremiah 15:15-21;Matthew 16:21-28;Romans 12:9-21","Deuteronomy 4:1-2,6-9;Psalm 15;Psalm 45:1-2,7-10;Song of Solomon 2:8-13;Mark 7:1-8,14-15,21-23;James 1:17-27","Psalm 81:1,10-16;Psalm 112;Proverbs 25:6-7;Jeremiah 2:4-13;Sirach (Ecclesiasticus) 10:12-18;Luke 14:1,7-14;Hebrews 13:1-8,15-16"
Proper 18,Exodus 12:1-14;Psalm 119:33-40;Psalm 149;Ezekiel 33:7-11;Matthew 18:15-20;Romans 13:8-14,"Psalm 125;Psalm 146;Proverbs 22:1-2, 8-9,22-23;Isaiah 35:4-7a;Mark 7:24-37;James 2:1-10(11-13),14-17","Deuteronomy 30:15-20;Psalm 1;Psalm 139:1-5,12-17;Jeremiah 18:1-11;Luke 14:25-33;Philemon 1-21"
Proper 19,"Genesis 50:15-21;Exodus 14:19-31;Exodus 15:1b-11,20-21;Psalm 103:(1-7),8-13;Psalm 114;Matthew 18:21-35;Romans 14:1-12",Psalm 19;Psalm 116:1-8;Proverbs 1:20-33;Isaiah 50:4-9a;Wisdom of Solomon 7:26—8:1;Mark 8:27-38;James 3:1-12,"Exodus 32:7-14;Psalm 14;Psalm 51:1-11;Jeremiah 4:11-12,22-28;Luke 15:1-10;1 Timothy 1:12-17"
Proper 20,"Exodus 16:2-15;Psalm 105:1-6,37-45;Psalm 145:1-8;Jonah 3:10—4:11;Matthew 20:1-16;Philippians 1:21-30","Psalm 1;Psalm 54;Proverbs 31:10-31;Jeremiah 11:18-20;Wisdom of Solomon 1:16—2:1,12-22;Mark 9:30-37;James 3:13—4:3,7-8a",Psalm 79:1-9;Psalm 113;Jeremiah 8:18—9:1;Amos 8:4-7;Luke 16:1-13;1 Timothy 2:1-7
Proper 21,"Exodus 17:1-7;Psalm 25:1-8;Psalm 78:1-4,12-16;Ezekiel 18:1-4,25-32;Matthew 21:23-32;Philippians 2:1-13","Numbers 11:4-6,10-16,24-29;Esther 7:1-6,9-10; 9:20-22;Psalm 19:7-14;Psalm 124;Mark 9:38-50;James 5:13-20","Psalm 91:1-6,14-16;Psalm 146;Jeremiah 32:1-3a,6-15;Amos 6:1a,4-7;Luke 16:19-31;1 Timothy 6:6-19"
Proper 22,"Exodus 20:1-4,7-9, 12-20;Psalm 19;Psalm 80:7-14;Isaiah 5:1-7;Isaiah 5:1-7;Matthew 21:33-46;Philippians 3:4b-14",Genesis 2:18-24;Job 1:1;2:1-10;Psalm 8;Psalm 26;Mark 10:2-16;Hebrews 1:1-4; 2:5-12,"Psalm 37:1-10;Psalm 137;Lamentations 1:1-6;Lamentations 3:19-26;Habakkuk 1:1-4,2:1-4;Luke 17:5-10;2 Timothy 1:1-14"
Proper 23,"Exodus 32:1-14;Psalm 23;Psalm 106:1-6,19-23;Isaiah 25:1-9;Matthew 22:1-14;Philippians 4:1-9","Job 23:1-9,16-17;Psalm 22:1-15;Psalm 90:12-17;Amos 5:6-7,10-15;Mark 10:17-31;Hebrews 4:12-16","2 Kings 5:1-3,7-15c;Psalm 66:1-11;Psalm 111;Jeremiah 29:1,4-7;Luke 17:11-19;2 Timothy 2:8-15"
Proper 24,"Exodus 33:12-23;Psalm 96:1-9,(10-13);Psalm 99;Isaiah 45:1-7;Matthew 22:15-22;1 Thessalonians 1:1-10","Job 38:1-7,(34-41);Psalm 91:9-16;Psalm 104:1-9,25,37b;Isaiah 53:4-12;Mark 10:35-45;Hebrews 5:1-10",Genesis 32:22-31;Psalm 119:97-104;Psalm 121;Jeremiah 31:27-34;Luke 18:1-8;2 Timothy 3:14—4:5
Proper 25,"Leviticus 19:1-2,15-18;Deuteronomy 34:1-12;Psalm 1;Psalm 90:1-6,13-17;Matthew 22:34-46;1 Thessalonians 2:1-8","Job 42:1-6,10-17;Psalm 34:1-8,(19-22);Psalm 126;Jeremiah 31:7-9;Mark 10:46-52;Hebrews 7:23-28","Psalm 65;Psalm 84:1-6;Jeremiah 14:7-10,19-22;Joel 2:23-32;Sirach (Ecclesiasticus) 35:12-17;Luke 18:9-14;2 Timothy 4:6-8,16-18"
Proper 26,"Joshua 3:7-17;Psalm 43;Psalm 107:1-7,33-37;Micah 3:5-12;Matthew 23:1-12;1 Thessalonians 2:9-13",Deuteronomy 6:1-9;Ruth 1:1-18;Psalm 119:1-8;Psalm 146;Mark 12:28-34;Hebrews 9:11-14,"Psalm 32:1-8;Psalm 119:137-144;Isaiah 1:10-18;Habakkuk 1:1-4,2:1-4;Luke 19:1-10;2 Thessalonians 1:1-4,11-12"
Proper 27,"Joshua 24:1-3a,14-25;Psalm 70;Psalm 78:1-7;Amos 5:18-24;Wisdom of Solomon 6:12-16;Wisdom of Solomon 6:17-20;Matthew 25:1-13;1 Thessalonians 4:13-18",Ruth 3:1-5;4:13-17;1 Kings 17:8-16;Psalm 127;Psalm 146;Mark 12:38-44;Hebrews 9:24-28,"Job 19:23-27a;Psalm 17:1-9;Psalm 98;Psalm 145:1-5,18-22;Haggai 1:15b—2:9;Luke 20:27-38;2 Thessalonians 2:1-5,13-17"
Proper 28,"Judges 4:1-7;Psalm 90:1-8,(9-11),12;Psalm 123;Zephaniah 1:7,12-18;Matthew 25:14-30;1 Thessalonians 5:1-11",1 Samuel 1:4-20;1 Samuel 2:1-10;Psalm 16;Daniel 12:1-3;Mark 13:1-8;Hebrews 10:11-14 (15-18)19-25,Psalm 98;Isaiah 65:17-25;Malachi 4:1-2a;Luke 21:5-19;2 Thessalonians 3:6-13;Canticle 9
Proper 29,"Psalm 95:1-7a;Psalm 100;Ezekiel 34:11-16,20-24;Matthew 25:31-46;Ephesians 1:15-23","2 Samuel 23:1-7;Psalm 93;Psalm 132:1-13,(14-19);Daniel 7:9-10,13-14;John 18:33-37;Revelation 1:4b-8",Psalm 46;Jeremiah 23:1-6;Luke 23:33-43;Colossians 1:11-20;Canticle 4;Canticle 16
St Andrew,Deuteronomy 30:11-14;Psalm 19;Matthew 4:18-22;Romans 10:8b-18,Deuteronomy 30:11-14;Psalm 19;Matthew 4:18-22;Romans 10:8b-18,Deuteronomy 30:11-14;Psalm 19;Matthew 4:18-22;Romans 10:8b-18
St Barnabas,Psalm 112;Isaiah 42:5-12;Matthew 10:7-16;Acts 11:19-30; 13:1-3,Psalm 112;Isaiah 42:5-12;Matthew 10:7-16;Acts 11:19-30; 13:1-3,Psalm 112;Isaiah 42:5-12;Matthew 10:7-16;Acts 11:19-30; 13:1-3
St Bartholomew,Deuteronomy 18:15-18;Psalm 91;Luke 22:24-30;1 Corinthians 4:9-15,Deuteronomy 18:15-18;Psalm 91;Luke 22:24-30;1 Corinthians 4:9-15,Deuteronomy 18:15-18;Psalm 91;Luke 22:24-30;1 Corinthians 4:9-15
St James,Psalm 7:1-10;Jeremiah 45:1-5;Matthew 20:20-28;Acts 11:27––12:3,Psalm 7:1-10;Jeremiah 45:1-5;Matthew 20:20-28;Acts 11:27––12:3,Psalm 7:1-10;Jeremiah 45:1-5;Matthew 20:20-28;Acts 11:27––12:3
St James of Jerusalem,Psalm 1;Matthew 13:54-58;Acts 15:12-22a;1 Corinthians 15:1-11,Psalm 1;Matthew 13:54-58;Acts 15:12-22a;1 Corinthians 15:1-11,Psalm 1;Matthew 13:54-58;Acts 15:12-22a;1 Corinthians 15:1-11
St John,Exodus 33:18-23;Psalm 92;John 21:19b-24;1 John 1:1-9,Exodus 33:18-23;Psalm 92;John 21:19b-24;1 John 1:1-9,Exodus 33:18-23;Psalm 92;John 21:19b-24;1 John 1:1-9
St Joseph,"2 Samuel 7:4,8-16;Psalm 89:1-29;Luke 2:41-52;Romans 4:13-18","2 Samuel 7:4,8-16;Psalm 89:1-29;Luke 2:41-52;Romans 4:13-18","2 Samuel 7:4,8-16;Psalm 89:1-29;Luke 2:41-52;Romans 4:13-18"
St Luke,"Psalm 147;Sirach (Ecclesiasticus) 38:1-4, 6-10,12-14;Luke 4:14-21;2 Timothy 4:5-13","Psalm 147;Sirach (Ecclesiasticus) 38:1-4, 6-10,12-14;Luke 4:14-21;2 Timothy 4:5-13","Psalm 147;Sirach (Ecclesiasticus) 38:1-4, 6-10,12-14;Luke 4:14-21;2 Timothy 4:5-13"
St Mark,"Psalm 2;Isaiah 52:7-10;Mark 1:1-15;Mark 16:15-20;Ephesians 4:7-8,11-16","Psalm 2;Isaiah 52:7-10;Mark 1:1-15;Mark 16:15-20;Ephesians 4:7-8,11-16","Psalm 2;Isaiah 52:7-10;Mark 1:1-15;Mark 16:15-20;Ephesians 4:7-8,11-16"
St Mary Magdalene,"Psalm 42:1-7;Judith 9:1,11-14;John 20:11-18;2 Corinthians 5:14-18","Psalm 42:1-7;Judith 9:1,11-14;John 20:11-18;2 Corinthians 5:14-18","Psalm 42:1-7;Judith 9:1,11-14;John 20:11-18;2 Corinthians 5:14-18"
St Mary the Virgin,Psalm 34;Isaiah 61:10-11;Luke 1:46-55;Galatians 4:4-7,Psalm 34;Isaiah 61:10-11;Luke 1:46-55;Galatians 4:4-7,Psalm 34;Isaiah 61:10-11;Luke 1:46-55;Galatians 4:4-7
St Matthew,Psalm 119:33-40;Proverbs 3:1-6;Matthew 9:9-13;2 Timothy 3:14-17,Psalm 119:33-40;Proverbs 3:1-6;Matthew 9:9-13;2 Timothy 3:14-17,Psalm 119:33-40;Proverbs 3:1-6;Matthew 9:9-13;2 Timothy 3:14-17
St Matthias,"Psalm 15;John 15:1,6-16;Acts 1:15-26;Philippians 3:13b-21","Psalm 15;John 15:1,6-16;Acts 1:15-26;Philippians 3:13b-21","Psalm 15;John 15:1,6-16;Acts 1:15-26;Philippians 3:13b-21"
St Michael & All Angels,Genesis 28:10-17;Psalm 103;John 1:47-51;Revelation 12:7-12,Genesis 28:10-17;Psalm 103;John 1:47-51;Revelation 12:7-12,Genesis 28:10-17;Psalm 103;John 1:47-51;Revelation 12:7-12
St Peter & St Paul,Psalm 87;Ezekiel 34:11-16;John 21:15-19;2 Timothy 4:1-8,Psalm 87;Ezekiel 34:11-16;John 21:15-19;2 Timothy 4:1-8,Psalm 87;Ezekiel 34:11-16;John 21:15-19;2 Timothy 4:1-8
St Philip & St James,Psalm 119:33-40;Isaiah 30:18-21;John 14:6-14;2 Corinthians 4:1-6,Psalm 119:33-40;Isaiah 30:18-21;John 14:6-14;2 Corinthians 4:1-6,Psalm 119:33-40;Isaiah 30:18-21;John 14:6-14;2 Corinthians 4:1-6
St Simon & St Jude,Deuteronomy 32:1-4;Psalm 119:89-96;John 15:17-27;Ephesians 2:13-22,Deuteronomy 32:1-4;Psalm 119:89-96;John 15:17-27;Ephesians 2:13-22,Deuteronomy 32:1-4;Psalm 119:89-96;John 15:17-27;Ephesians 2:13-22
St Stephen,"Psalm 31;Jeremiah 26:1-9,12-15;Matthew 23:34-39;Acts 6:8––7:2a,51c-60","Psalm 31;Jeremiah 26:1-9,12-15;Matthew 23:34-39;Acts 6:8––7:2a,51c-60","Psalm 31;Jeremiah 26:1-9,12-15;Matthew 23:34-39;Acts 6:8––7:2a,51c-60"
St Thomas,Psalm 126;Habakkuk 2:1-4;John 20:24-29;Hebrews 10:35––11:1,Psalm 126;Habakkuk 2:1-4;John 20:24-29;Hebrews 10:35––11:1,Psalm 126;Habakkuk 2:1-4;John 20:24-29;Hebrews 10:35––11:1
Thanksgiving Day,Deuteronomy 8:7-18;Psalm 65;Luke 17:11-19;2 Corinthians 9:6-15,Psalm 126;Joel 2:21-27;Matthew 6:25-33;1 Timothy 2:1-7,Deuteronomy 26:1-11;Psalm 100;John 6:25-35;Philippians 4:4-9
The Annunciation,Psalm 40:5-10;Psalm 45;Isaiah 7:10-14;Luke 1:26-38;Hebrews 10:4-10;Canticle 3;Canticle 15,Psalm 40:5-10;Psalm 45;Isaiah 7:10-14;Luke 1:26-38;Hebrews 10:4-10;Canticle 3;Canticle 15,Psalm 40:5-10;Psalm 45;Isaiah 7:10-14;Luke 1:26-38;Hebrews 10:4-10;Canticle 3;Canticle 15
The Presentation,Psalm 24:7-10;Psalm 84;Malachi 3:1-4;Luke 2:22-40;Hebrews 2:14-18,Psalm 24:7-10;Psalm 84;Malachi 3:1-4;Luke 2:22-40;Hebrews 2:14-18,Psalm 24:7-10;Psalm 84;Malachi 3:1-4;Luke 2:22-40;Hebrews 2:14-18
The Transfiguration,Exodus 34:29-35;Psalm 99;Luke 9:28-36;2 Peter 1:13-21,Exodus 34:29-35;Psalm 99;Luke 9:28-36;2 Peter 1:13-21,Exodus 34:29-35;Psalm 99;Luke 9:28-36;2 Peter 1:13-21
The Visitation,1 Samuel 2:1-10;Psalm 113;Luke 1:39-57;Romans 12:9-16b,1 Samuel 2:1-10;Psalm 113;Luke 1:39-57;Romans 12:9-16b,1 Samuel 2:1-10;Psalm 113;Luke 1:39-57;Romans 12:9-16b
Confession of St Peter,Psalm 23;Matthew 16:13-19;Acts 4:8-13;1 Peter 5:1-4,Psalm 23;Matthew 16:13-19;Acts 4:8-13;1 Peter 5:1-4,Psalm 23;Matthew 16:13-19;Acts 4:8-13;1 Peter 5:1-4
Conversion of St Paul,Psalm 67;Matthew 10:16-22;Acts 26:9-21;Galatians 1:11-24,Psalm 67;Matthew 10:16-22;Acts 26:9-21;Galatians 1:11-24,Psalm 67;Matthew 10:16-22;Acts 26:9-21;Galatians 1:11-24
Holy Cross Day,Psalm 98;Isaiah 45:21-25;John 12:31-36a;Galatians 6:14-18;Philippians 2:5-11,Psalm 98;Isaiah 45:21-25;John 12:31-36a;Galatians 6:14-18;Philippians 2:5-11,Psalm 98;Isaiah 45:21-25;John 12:31-36a;Galatians 6:14-18;Philippians 2:5-11
Holy Innocents,Psalm 124;Jeremiah 31:15-17;Matthew 2:13-18;Revelation 21:1-7,Psalm 124;Jeremiah 31:15-17;Matthew 2:13-18;Revelation 21:1-7,Psalm 124;Jeremiah 31:15-17;Matthew 2:13-18;Revelation 21:1-7
Holy Name,Numbers 6:22-27;Psalm 8;Luke 2:15-21;Galatians 4:4-7;Philippians 2:5-11,,
Holy Saturday,"Job 14:1-14;Psalm 31:1-4,15-16;Lamentations 3:1-9,19-24;Matthew 27:57-66;John 19:38-42;1 Peter 4:1-8","Job 14:1-14;Psalm 31:1-4,15-16;Lamentations 3:1-9,19-24;Matthew 27:57-66;John 19:38-42;1 Peter 4:1-8","Job 14:1-14;Psalm 31:1-4,15-16;Lamentations 3:1-9,19-24;Matthew 27:57-66;John 19:38-42;1 Peter 4:1-8"
Independence Day,Deuteronomy 10:17-21;Psalm 145;Matthew 5:43-48;Hebrews 11:8-16,Deuteronomy 10:17-21;Psalm 145;Matthew 5:43-48;Hebrews 11:8-16,Deuteronomy 10:17-21;Psalm 145;Matthew 5:43-48;Hebrews 11:8-16
Nativity of St John the Baptist,Psalm 85;Isaiah 40:1-11;Luke 1:57-80;Acts 13:14b-26,Psalm 85;Isaiah 40:1-11;Luke 1:57-80;Acts 13:14b-26,Psalm 85;Isaiah 40:1-11;Luke 1:57-80;Acts 13:14b-26
